"SrNo","StationName","Data_Src","display_name","Installed_cap_MW","Utility_type","Utility_subtype","Type","Subtype","Fuel","PSP_name","LTA_name","RLDC_name"
"1","ACBIL","LTA","ACBIL","300","IPP","Thermal","Coal","0",,,,
"2","Adamtilla","PSP","Adamtilla","0","NULL","NULL","Others","Others","NULL",,,
"3","AGBPP-GAS","ISGS","AGBPP-GAS","291","0","Others","GAS","0",,,,
"4","AGTCCPP-GAS","ISGS","AGTCCPP-GAS","130","0","Others","GAS","0",,,,
"5","ALAKHANANDA HEP","PSP","ALAKHANANDA HEP","330","0","Hydro","0","0",,,,
"6","ALAKNANDA","LTA","ALAKNANDA","0","NULL","NULL","Others","Others","NULL",,,
"7","ALTPS ","PSP","ALTPS ","0","0","Thermal","0","0",,,,
"8","AMARKANTAK ","PSP","AMARKANTAK ","300","NULL","NULL","Thermal","Others","NULL",,,
"9","ANANADPUR SAHIB HYDRO PLANT","PSP","ANANADPUR SAHIB HYDRO PLANT","0","0","Hydro","0","0",,,,
"10","ANPARA  TPS","PSP","ANPARA  TPS","567","0","Others","0","0",,,,
"11","ANPARA-C  TPS","PSP","ANPARA-C  TPS","1080","0","Others","0","0",,,,
"12","ANPARA-D  TPS","PSP","ANPARA-D  TPS","900","0","Others","0","0",,,,
"13","ANTA_CRF","ISGS","ANTA_CRF","419","CS","NTPC","0","0",,,,
"14","ANTA_GF","ISGS","ANTA_GF","419","CS","NTPC","0","0",,,,
"15","ANTA_LF","ISGS","ANTA_LF","419","CS","NTPC","0","0",,,,
"16","ANTA_RF","ISGS","ANTA_RF","419","CS","NTPC","0","0",,,,
"17","APL MUNDRA ","PSP","APL MUNDRA ","0","0","Thermal","0","0",,,,
"18","Baitarani Power Projects Pvt Ltd","PSP","Baitarani Power Projects Pvt Ltd","24","0","RE","0",,,,,
"19","JK Paper Ltd, Theruvali","PSP","JK Paper Ltd, Theruvali","25","0","RE","0",,,,,
"20","APTRANSCO","LTA","APTRANSCO","0","0","Others","0","0",,,,
"21","AURY_CRF","ISGS","AURY_CRF","0","CS","NTPC","0","0",,,,
"22","AURY_GF","ISGS","AURY_GF","663","CS","NTPC","0","0",,,,
"23","AURY_LF","ISGS","AURY_LF","663","CS","NTPC","0","0",,,,
"24","AURY_RF","ISGS","AURY_RF","663","CS","NTPC","0","0",,,,
"25","BAGLIHAR (IPP)   HPS","PSP","BAGLIHAR (IPP)   HPS","0","NULL","NULL","Hydro","MustRun","NULL",,,
"26","Bairabi","PSP","Bairabi","0","NULL","NULL","Others","Others","NULL",,,
"27","BAJAJ ENERGY PVT LTD (IPP) TPS","PSP","BAJAJ ENERGY PVT LTD (IPP) TPS","0","0","Others","0","0",,,,
"28","BAKRESHWAR","PSP","BAKRESHWAR","0","NULL","NULL","Thermal","Others","NULL",,,
"29","BALCO","LTA","BALCO","1200","IPP","Thermal","Coal","0",,,,
"30","BALIMELA HPS ","PSP","BALIMELA HPS ","510","0","Hydro","0","0",,,,
"31","BANDEL TPS","PSP","BANDEL TPS","0","NULL","NULL","Thermal","Others","NULL",,,
"32","BARA PPGCL TPS","PSP","BARA PPGCL TPS","1980","0","Others","0","0",,,,
"33","Baramura","PSP","Baramura","0","NULL","NULL","Others","Others","NULL",,,
"34","BARAUNI TPS II","PSP","BARAUNI TPS II","250","CS","NTPC","NTPC-T","Others","NULL",,,
"35","BARH","ISGS","BARH","1320","CS","NTPC","0","0",,,,
"36","BARSINGSAR (IPP) LTPS","PSP","BARSINGSAR (IPP) LTPS","0","0","Thermal","0","0",,,,
"37","BASIN BRIDGE (NAPTHA)","PSP","BASIN BRIDGE (NAPTHA)","0","NULL","NULL","Gas","Gas","NULL",,,
"38","Baskandi","PSP","Baskandi","0","NULL","NULL","Others","Others","NULL",,,
"39","BASPA (IPP) HPS","PSP","BASPA (IPP) HPS","300","0","Hydro","0","0",,,,
"40","BAWANA GPS","PSP","BAWANA GPS","0","0","Gas","0","0",,,,
"41","BAWANA_GAS","LTA","BAWANA_GAS","0","IPP","Gas","0","0",,,,
"42","BELLARY TPS","PSP","BELLARY TPS","0","0","Others","0","0",,,,
"43","BGTPP","ISGS","BGTPP","750","CS","NTPC","COAL","0",,,,
"44","BHADRADRI TPS","PSP","BHADRADRI TPS","810","0","Others","0","0",,,,
"45","BHAKRA","ISGS","BHAKRA","1532","0","Hydro","0","0",,,,
"46","BHIRA ","PSP","BHIRA ","0","0","Hydro","0","0",,,,
"47","BHIRA PSS ","PSP","BHIRA PSS ","0","0","Hydro","0","0",,,,
"48","BHIVPURI ","PSP","BHIVPURI ","0","0","Hydro","0","0",,,,
"49","Shalivahan Green Energy Ltd","PSP","Shalivahan Green Energy Ltd","20","0","RE","0",,,,,
"50","Bihar SUGAR_MILL","PSP","Bihar SUGAR_MILL","0","NULL","NULL","Others","Others","NULL",,,
"51","Bihar_SOLAR","PSP","Bihar_SOLAR","0","NULL","NULL","RE","MustRun","NULL",,,
"52","BIOMASS","PSP","BIOMASS","0","0","Others","0","0",,,,
"53","BOKARO_A","LTA","BOKARO_A","0","0","Others","0","0",,,,
"54","BRAHMAPURAM DGPP (DIESEL)","PSP","BRAHMAPURAM DGPP (DIESEL)","0","0","Others","0","0",,,,
"55","BRBCL","ISGS","BRBCL","0","CS","NTPC","0","0",,,,
"56","BSES (NAPTHA)","PSP","BSES (NAPTHA)","0","0","Others","0","0",,,,
"57","BSIUL","ISGS","BSIUL","180","0","Hydro","0","0",,,,
"58","BUDHIL","LTA","BUDHIL","0","NULL","NULL","Others","Others","NULL",,,
"59","BURLA HPS/HIRAKUD I ","PSP","BURLA HPS/HIRAKUD I ","276","0","Hydro","0","0",,,,
"60","CGPL","ISGS","CGPL Mundra UMPP","1","0","Thermal","0","0",,,,
"61","CHAMERA1","ISGS","CHAMERA1","540","0","Hydro","0","0",,,,
"62","CHAMERA2","ISGS","CHAMERA2","300","0","Hydro","0","0",,,,
"63","CHAMERA3","ISGS","CHAMERA3","231","0","Hydro","0","0",,,,
"64","CHANDRAPUR ","PSP","CHANDRAPUR ","0","0","Thermal","0","0",,,,
"65","CHHABRA TPS","PSP","CHHABRA TPS","0","0","Thermal","0","0",,,,
"66","CHIPLIMA HPS / HIRAKUD II ","PSP","CHIPLIMA HPS / HIRAKUD II ","72","0","Hydro","0","0",,,,
"67","CHUKHA","ISGS","CHUKHA","336","0","Hydro","0","0",,,,
"68","CO-GENERATION","PSP","CO-GENERATION","0","0","RE","0","0",,,,
"69","CTPS 7&8","LTA","CTPS 7&8","0","NULL","NULL","Thermal","Others","NULL",,,
"70","DADRI_CRF","ISGS","DADRI_CRF","830","CS","NTPC","0","0",,,,
"71","DADRI_GF","ISGS","DADRI_GF","830","CS","NTPC","0","0",,,,
"72","DADRI_LF","ISGS","DADRI_LF","830","CS","NTPC","0","0",,,,
"73","DADRI_RF","ISGS","DADRI_RF","830","CS","NTPC","0","0",,,,
"74","DADRIT","ISGS","DADRIT","840","CS","NTPC","0","0",,,,
"75","DADRT2","ISGS","DADRT2","980","CS","NTPC","0","0",,,,
"76","DAHANU ","PSP","DAHANU ","0","0","Thermal","0","0",,,,
"77","Darlipali_NTPC","ISGS","Darlipali_NTPC","800","CS","NTPC","0","0",,,,
"78","DBPL","LTA","DBPL","0","0","Thermal","0","0",,,,
"79","DCRTPP (YAMUNA NAGAR)","PSP","DCRTPP (YAMUNA NAGAR)","0","0","Thermal","0","0",,,,
"80","DEHAR","ISGS","DEHAR","990","0","Hydro","0","0",,,,
"81","DEHRI & OTHERS ","PSP","DEHRI & OTHERS ","0","NULL","NULL","Hydro","MustRun","NULL",,,
"82","Delhi GAS TURBINES","PSP","Delhi GAS TURBINES","0","0","Gas","0","0",,,,
"83","DGBP ","PSP","DGBP ","0","0","Gas","0","0",,,,
"84","DHARIWAL STU ","PSP","DHARIWAL STU ","300","STOA","Thermal","Coal","0",,,,
"85","DHAULIGNGA","ISGS","DHAULIGNGA","290","0","Hydro","0","0",,,,
"86","DHOLPUR GPS","PSP","DHOLPUR GPS","0","0","Gas","0","0",,,,
"87","Dikshi","PSP","Dikshi","0","NULL","NULL","Others","Others","NULL",,,
"88","DOYANG","ISGS","DOYANG","75","0","Others","HYDRO","0",,,,
"89","DPL","PSP","DPL","0","NULL","NULL","Thermal","Others","NULL",,,
"90","DSTPS I&II","LTA","DSTPS I&II","0","0","Thermal","0","0",,,,
"91","DULHASTI","ISGS","DULHASTI","390","0","Hydro","0","0",,,,
"92","DVC","LTA","DVC","0","0","Others","0","0",,,,
"93","ESSAR POWER GAS ","PSP","ESSAR POWER GAS ","0","0","Gas","0","0",,,,
"94","FARIDABAD  GPS","PSP","FARIDABAD  GPS","0","CS","NTPC","0","0",,,,
"95","FARIDABAD_SOLAR","LTA","FARIDABAD_SOLAR","5","CS","NTPC-RE","0","0",,,,
"96","FSTPP I & II","ISGS","FSTPP I & II","1600","CS","NTPC","0","0",,,,
"97","FSTPP-III","ISGS","FSTPP-III","500","CS","NTPC","0","0",,,,
"98","GADARWARA-I","ISGS","GADARWARA-I","1600","CS","NTPC","Coal","0",,,,
"99","GANDHAR-APM","ISGS","GANDHAR-APM","657","CS","NTPC","Gas","0",,,,
"100","GANDHAR-ComGas","ISGS","GANDHAR-ComGas","657","CS","NTPC","0","0",,,,
"101","GANDHAR-NAPM","ISGS","GANDHAR-NAPM","657","CS","NTPC","0","0",,,,
"102","GANDHAR-RLNG","ISGS","GANDHAR-RLNG","657","CS","NTPC","0","0",,,,
"103","GANDHINAGAR(GTPS) ","PSP","GANDHINAGAR(GTPS) ","0","0","Thermal","0","0",,,,
"104","GAS/DIESEL/OTHERS J&K","PSP","GAS/DIESEL/OTHERS J&K","0","NULL","NULL","Gas","Gas","NULL",,,
"105","GAUTAMI CCPP","PSP","GAUTAMI CCPP","0","0","0","0","0",,,,
"106","GHATGHAR ","PSP","GHATGHAR ","0","0","Hydro","0","0",,,,
"107","GIPCL STG ","PSP","GIPCL STG ","0","0","Gas","0","0",,,,
"108","GIRAL (IPP) LTPS","PSP","GIRAL (IPP) LTPS","0","0","Thermal","0","0",,,,
"109","GMR (BARG)","PSP","GMR (BARG)","0","0","0","0","0",,,,
"110","GMR 3","PSP","GMR 3","1050","0","Thermal","0","0",,,,
"111","GMR WARORA","LTA","GMR WARORA","0","0","Thermal","0","0",,,,
"112","GMRKEL","LTA","GMRKEL","0","0","Thermal","0","0",,,,
"113","GOINDWAL(GVK)","PSP","GOINDWAL(GVK)","0","0","Thermal","0","0",,,,
"114","GSEC ","PSP","GSEC ","0","0","Gas","0","0",,,,
"115","Gumti","PSP","Gumti","0","NULL","NULL","Others","Others","NULL",,,
"116","GURU GOBIND SINGH TPS (ROPAR)","PSP","GURU GOBIND SINGH TPS (ROPAR)","0","0","Thermal","0","0",,,,
"117","GURU HARGOBIND SINGH TPS (LEHRA MOHABBAT)","PSP","GURU HARGOBIND SINGH TPS (LEHRA MOHABBAT)","0","0","Thermal","0","0",,,,
"118","HALDIA ENERGY LTD","PSP","HALDIA ENERGY LTD","0","NULL","NULL","Others","Others","NULL",,,
"119","HAMPI ","PSP","HAMPI ","0","0","0","0","0",,,,
"120","HARDUAGANJ  TPS","PSP","HARDUAGANJ  TPS","405","0","Others","0","0",,,,
"121","HASDEO BANGO","PSP","HASDEO BANGO","0","LTOA","Hydro","Hydro","0",,,,
"122","HINDUJA POWER CORPORATION LTD","PSP","HINDUJA POWER CORPORATION LTD","0","0","0","0","0",,,,
"123","HIRAKUD HEP","LTA","HIRAKUD HEP","0","LTOA","Hydro","Hydro","0",,,,
"124","IB AMARAVATI ","PSP","IB AMARAVATI ","0","0","Thermal","0","0",,,,
"125","IB.TPS ","PSP","IB.TPS ","420","0","Thermal","0","0",,,,
"126","IDDUKKI","PSP","IDDUKKI","0","0","Hydro","0","0",,,,
"127","IEPL ","PSP","IEPL ","0","0","Thermal","0","0",,,,
"128","INDIRASAGAR ","PSP","INDIRASAGAR ","0","NULL","NULL","Hydro","MustRun","NULL",,,
"129","INDRAVATI ","PSP","INDRAVATI ","600","0","Hydro","0","0",,,,
"130","JAIGAD ","PSP","JAIGAD ","0","0","Thermal","0","0",,,,
"131","JALDHAKA HPS","PSP","JALDHAKA HPS","0","NULL","NULL","Hydro","MustRun","NULL",,,
"132","JEGRUPADU EXT.","PSP","JEGRUPADU EXT.","0","0","0","0","0",,,,
"133","JEGURUPADU (GAS)","PSP","JEGURUPADU (GAS)","0","0","0","0","0",,,,
"134","JHABUA_IPP","LTA","JHABUA_IPP","600","0","Thermal","0","0",,,,
"135","JHAJJAR","ISGS","JHAJJAR","1500","CS","NTPC","0","0",,,,
"136","JHAJJAR(CLP)","PSP","JHAJJAR(CLP)","0","0","Thermal","0","0",,,,
"137","JINDAL ","PSP","JINDAL ","0","0","Others","0","0",,,,
"138","JITPL","LTA","JITPL","0","0","Thermal","0","0",,,,
"139","JP BINA ","PSP","JP BINA ","500","NULL","NULL","Thermal","Others","NULL",,,
"140","JPL-2","LTA","JPL-2","2400","IPP","Thermal","Coal","0",,,,
"141","JPNIGRIE_JNSTPP","LTA","JPNIGRIE_JNSTPP","1320","NULL","NULL","Thermal","Others","NULL",,,
"142","KADAMPARAI ","PSP","KADAMPARAI ","0","NULL","NULL","Hydro","MustRun","NULL",,,
"143","KADAMPARAI (PUMP)","PSP","KADAMPARAI (PUMP)","0","NULL","NULL","Hydro","MustRun","NULL",,,
"144","KADANA ","PSP","KADANA ","0","0","Hydro","0","0",,,,
"145","KAKATIYA ST1&ST2","PSP","KAKATIYA ST1&ST2","1100","0","Others","0","0",,,,
"146","KALISINDH TPS","PSP","KALISINDH TPS","0","0","Thermal","0","0",,,,
"147","KAMENG","ISGS","KAMENG","0","0","Hydro","0","0",,,,
"148","KAPS","ISGS","KAPS","0","0","Nuclear","0","0",,,,
"149","KAWAI TPS","PSP","KAWAI TPS","0","0","Thermal","0","0",,,,
"150","KAWAS-APM","ISGS","KAWAS-APM","656","CS","NTPC","Gas","0",,,,
"151","KAWAS-ComGas","ISGS","KAWAS-ComGas","656","CS","NTPC","0","0",,,,
"152","KAWAS-NAPM","ISGS","KAWAS-NAPM","656","CS","NTPC","0","0",,,,
"153","KAWAS-RLNG","ISGS","KAWAS-RLNG","656","CS","NTPC","0","0",,,,
"154","KAWAS-zLIQ","ISGS","KAWAS-zLIQ","656","CS","NTPC","0","0",,,,
"155","KGSU1AND2","ISGS","KGSU1AND2","440","0","Nuclear","0","0",,,,
"156","KGSU3AND4","ISGS","KGSU3AND4","440","0","Nuclear","0","0",,,,
"157","KHANDONG","ISGS","KHANDONG","50","0","Others","HYDRO","0",,,,
"158","Andhra","PSP","Andhra","17","0","Hydro","0",,,,,
"159","KHARGONE-I","ISGS","KHARGONE-I","1320","CS","NTPC","Coal","0",,,,
"160","KHOPOLI ","PSP","KHOPOLI ","0","0","Hydro","0","0",,,,
"161","KHSTPP-I","ISGS","KHSTPP-I","840","CS","NTPC","0","0",,,,
"162","KHSTPP-II","ISGS","KHSTPP-II","1500","CS","NTPC","Coal","0",,,,
"163","KISHANGANGA","ISGS","KISHANGANGA","330","0","Hydro","0","0",,,,
"164","KKNP","ISGS","KKNP","1000","0","Nuclear","0","0",,,,
"165","KKNPPU2","ISGS","KKNPPU2","1000","0","Nuclear","0","0",,,,
"166","KLHEP","PSP","KLHEP","0","NULL","NULL","Hydro","MustRun","NULL",,,
"167","KLTPS ","PSP","KLTPS ","0","0","Thermal","0","0",,,,
"168","KODERMA","LTA","KODERMA","0","0","Thermal","0","0",,,,
"169","KOLAGHAT","PSP","KOLAGHAT","0","NULL","NULL","Thermal","Others","NULL",,,
"170","KOLDAM","ISGS","KOLDAM","800","CS","NTPC","0","0",,,,
"171","KONASEEMA CCPP","PSP","KONASEEMA CCPP","0","0","0","0","0",,,,
"172","KOPILI","ISGS","KOPILI","200","0","Others","HYDRO","0",,,,
"173","KOPILI-2","ISGS","KOPILI-2","25","0","Others","HYDRO","0",,,,
"174","Baner","PSP","Baner","12","0","Hydro","0",,,,,
"175","KORBA EAST EXT(DSPM)","PSP","KORBA EAST EXT(DSPM)","500","LTOA","Thermal","Coal","0",,,,
"176","KORBA(E)","PSP","KORBA(E)","0","0","Thermal","Coal","0",,,,
"177","KORBA(W) CSPGCL","PSP","KORBA(W) CSPGCL","840","LTOA","Thermal","Coal","0",,,,
"178","KOSI ","PSP","KOSI ","0","NULL","NULL","Hydro","MustRun","NULL",,,
"179","KOTA TPS","PSP","KOTA TPS","0","0","Thermal","0","0",,,,
"180","KOTESHWR","ISGS","KOTESHWR","400","0","Others","0","0",,,,
"181","KOTHAGUDEM TPS","PSP","KOTHAGUDEM TPS","500","0","Others","0","0",,,,
"182","KOVIL KALAPPAL (GAS)","PSP","KOVIL KALAPPAL (GAS)","0","NULL","NULL","Gas","Gas","NULL",,,
"183","KOYNA I AND II ","PSP","KOYNA I AND II ","0","0","Hydro","0","0",,,,
"184","KOYNA III ","PSP","KOYNA III ","0","0","Hydro","0","0",,,,
"185","KOYNA ST-IV ","PSP","KOYNA ST-IV ","0","0","Hydro","0","0",,,,
"186","KOZHIKODE DPP (DIESEL)","PSP","KOZHIKODE DPP (DIESEL)","0","0","Others","0","0",,,,
"187","KRISHNAPATTANAM ","PSP","KRISHNAPATTANAM ","0","0","0","0","0",,,,
"188","KSK_MAHANADI","LTA","KSK_MAHANADI","1200","0","Thermal","0","0",,,,
"189","KSTPS I&II","ISGS","KSTPS I&II","2100","CS","NTPC","Coal","0",,,,
"190","KSTPS7","ISGS","KSTPS7","500","CS","NTPC","Coal","0",,,,
"191","KUDGI","ISGS","KUDGI","2400","CS","NTPC","0","0",,,,
"192","KURICHU","ISGS","KURICHU","0","NULL","NULL","Hydro","MustRun","NULL",,,
"193","KUTTALAM (GAS)","PSP","KUTTALAM (GAS)","0","NULL","NULL","Gas","Gas","NULL",,,
"194","KWHEP","LTA","KWHEP","1000","0","Hydro","0","0",,,,
"195","LALITPUR TPS","PSP","LALITPUR TPS","1875","0","Others","0","0",,,,
"196","LAMKPL","LTA","LAMKPL","0","0","Hydro","0","0",,,,
"197","LANCO (GAS)","PSP","LANCO (GAS)","0","0","0","0","0",,,,
"198","LARA-I","ISGS","LARA-I","1600","CS","NTPC","Coal","0",,,,
"199","Likimro","PSP","Likimro","0","NULL","NULL","Others","Others","NULL",,,
"200","LOKTAK","ISGS","LOKTAK","105","0","Others","HYDRO","0",,,,
"201","LOWER PERIYAR ","PSP","LOWER PERIYAR ","0","0","Hydro","0","0",,,,
"202","LOWER SILERU","PSP","LOWER SILERU","0","0","0","0","0",,,,
"203","LRPP","PSP","LRPP","0","NULL","NULL","Gas","Gas","NULL",,,
"204","LTPS","PSP","LTPS","0","NULL","NULL","Gas","Gas","NULL",,,
"205","MACHKUND","PSP","MACHKUND","120","0","Hydro","0","0",,,,
"206","MADURAI POWER CL (DIESEL)","PSP","MADURAI POWER CL (DIESEL)","0","NULL","NULL","Gas","Gas","NULL",,,
"207","MAGNUM DIESEL (IPP)","PSP","MAGNUM DIESEL (IPP)","0","0","Others","0","0",,,,
"208","MALANA (IPP) HPS","PSP","MALANA (IPP) HPS","0","0","Hydro","0","0",,,,
"209","MALANA2-HP","LTA","MALANA2-HP","0","0","Hydro","0","0",,,,
"210","MANGDECHU","ISGS","MANGDECHU","720","0","Hydro","0","0",,,,
"211","MAPS","ISGS","MAPS","440","0","Nuclear","0","0",,,,
"212","MARWA TPS","PSP","MARWA TPS","1000","LTOA","Thermal","Coal","0",,,,
"213","MBMP","LTA","MBMP","600","0","Thermal","0","0",,,,
"214","MCCPL","LTA","MCCPL","300","IPP","Thermal","Coal","0",,,,
"215","MEENAKSHI POWER LTD","PSP","MEENAKSHI POWER LTD","37","0","RE","0","0",,,,
"216","MEJA","LTA","MEJA","660","CS","NTPC","0","0",,,,
"217","MEJA TPS","PSP","MEJA TPS","660","0","NTPC","0","0",,,,
"218","MEJB","LTA","MEJB","0","0","Others","0","0",,,,
"219","MEJIA","LTA","MEJIA","0","0","Others","0","0",,,,
"220","METTUR TPS","PSP","METTUR TPS","0","NULL","NULL","Thermal","Others","NULL",,,
"221","Mini Hydro","PSP","Mini Hydro","0","NULL","NULL","Others","Others","NULL",,,
"222","Monarchak(Thermal)","PSP","Monarchak(Thermal)","0","NULL","NULL","Others","Others","NULL",,,
"223","MOUDA","ISGS","MOUDA","1000","CS","NTPC","Coal","0",,,,
"224","MOUDA_II","ISGS","MOUDA_II","1320","CS","NTPC","Coal","0",,,,
"225","MPL","LTA","MPL","0","0","Others","0","0",,,,
"226","MPS STEEL CASTINGS","PSP","MPS STEEL CASTINGS","0","0","Others","0","0",,,,
"227","MTATLA","LTA","MTATLA","0","NULL","NULL","Hydro","MustRun","NULL",,,
"228","MTPS-II","ISGS","MTPS-II","390","0","Thermal","0","0",,,,
"229","MUKERIAN HYDRO PLANT","PSP","MUKERIAN HYDRO PLANT","0","0","Hydro","0","0",,,,
"230","MUZAFFARPUR TPS ","PSP","MUZAFFARPUR TPS ","0","NULL","NULL","Thermal","Others","NULL",,,
"231","Myndtu Leshka","PSP","Myndtu Leshka","0","NULL","NULL","Others","Others","NULL",,,
"232","NAGARJUNA SAGAR","PSP","NAGARJUNA SAGAR","816","0","Hydro","0","0",,,,
"233","NAGARJUNA SAGAR (PUMP)","PSP","NAGARJUNA SAGAR (PUMP)","60","0","Hydro","0","0",,,,
"234","NAGJHERI","PSP","NAGJHERI","0","0","Hydro","0","0",,,,
"235","NAPP","ISGS","NAPP","440","0","Nuclear","0","0",,,,
"236","NASIK ","PSP","NASIK ","0","MSPGCL","Thermal","Coal","0",,,,
"237","NAVA BHARAT VENTURES LIMITED(NBVL)","PSP","NAVA BHARAT VENTURES LIMITED(NBVL)","0","0","Thermal","0","0",,,,
"238","New Umtru","PSP","New Umtru","0","NULL","NULL","Others","Others","NULL",,,
"239","NEYVELI","0","NEYVELI","0","0","0","0","0",,,,
"240","NJPC","ISGS","NJPC","1500","0","Hydro","0","0",,,,
"241","NLCEXP","ISGS","NLCEXP","420","0","Others","0","0",,,,
"242","NLCIIST1","ISGS","NLCIIST1","630","0","Others","0","0",,,,
"243","NLCIIST2","ISGS","NLCIIST2","840","0","Others","0","0",,,,
"244","NLCTS2EXP","ISGS","NLCTS2EXP","500","0","Others","0","0",,,,
"245","NNTPP","ISGS","NNTPP","1000","0","Others","0","0",,,,
"246","NORTH CHENNAI TPS","PSP","NORTH CHENNAI TPS","0","NULL","NULL","Thermal","Others","NULL",,,
"247","NORTH CHENNAI TPS STG-II","PSP","NORTH CHENNAI TPS STG-II","0","NULL","NULL","Thermal","Others","NULL",,,
"248","NPGC","ISGS","NPGC","660","CS","NTPC-T","0","0",,,,
"249","NSPCL","ISGS","NSPCL","500","CS","Thermal","Coal","0",,,,
"250","NTPL","ISGS","NTPL","0","0","Others","0","0",,,,
"251","NTPS","PSP","NTPS","0","NULL","NULL","Others","Others","NULL",,,
"252","NVVN_SOLAR_AP","LTA","NVVN_SOLAR_AP","0","0","RE","0","0",,,,
"253","OBRA  TPS ","PSP","OBRA  TPS ","900","0","Others","0","0",,,,
"254","Odisha_SOLAR","PSP","Odisha_SOLAR","0","0","RE","0","0",,,,
"255","OMKARESHWAR ","PSP","OMKARESHWAR ","0","NULL","NULL","Hydro","MustRun","NULL",,,
"256","OPGC","PSP","OPGC","1320","0","Others","0","0",,,,
"257","ORISSA POWER CONSORTIUM LTD.,","PSP","ORISSA POWER CONSORTIUM LTD.,","20","0","RE","0","0",,,,
"258","OTHER  HYDEL","PSP","OTHER  HYDEL","0","NULL","NULL","Others","Others","NULL",,,
"259","OTHER CPP_IMPORT","PSP","OTHER CPP_IMPORT","0","0","Wind","0","0",,,,
"260","OTHER GAS/NAPTHA/DIESEL ","PSP","OTHER GAS/NAPTHA/DIESEL ","0","0","Gas","0","0",,,,
"261","OTHER GAS/NAPTHA/DIESEL  ","PSP","OTHER GAS/NAPTHA/DIESEL  ","0","NULL","NULL","Gas","Gas","NULL",,,
"262","OTHER GAS/NAPTHA/DIESEL  ","PSP","OTHER GAS/NAPTHA/DIESEL  ","0","NULL","NULL","Gas","Gas","NULL",,,
"263","OTHER GUJARAT ","PSP","OTHER GUJARAT ","0","0","RE","0","0",,,,
"264","OTHER HYDEL","PSP","OTHER HYDEL","0","0","Others","0","0",,,,
"265","OTHER HYDEL ","PSP","OTHER HYDEL ","0","0","Hydro","0","0",,,,
"266","OTHER HYDRO ","PSP","OTHER HYDRO ","0","0","Hydro","0","0",,,,
"267","OTHER HYDRO HP","PSP","OTHER HYDRO HP","0","0","Hydro","0","0",,,,
"268","OTHER HYDRO Punjab","PSP","OTHER HYDRO Punjab","0","0","Hydro","0","0",,,,
"269","OTHER HYDRO UK","PSP","OTHER HYDRO UK","0","NULL","NULL","Others","Others","NULL",,,
"270","OTHER HYDRO UP","PSP","OTHER HYDRO UP","0","0","Hydro","0","0",,,,
"271","OTHER HYDRO/IPP J&K","PSP","OTHER HYDRO/IPP J&K","0","NULL","NULL","Hydro","MustRun","NULL",,,
"272","OTHER MADHYA PRADESH ","PSP","OTHER MADHYA PRADESH ","0","NULL","NULL","RE","MustRun","NULL",,,
"273","OTHER MAHARASHTRA ","PSP","OTHER MAHARASHTRA ","0","0","RE","0","0",,,,
"274","OTHER THERMAL","PSP","OTHER THERMAL","0","0","Thermal","Coal","0",,,,
"275","OTHER THERMAL ","PSP","OTHER THERMAL ","0","0","Others","0","0",,,,
"276","OTHERS ","PSP","OTHERS ","0","0","Others","0","0",,,,
"277","P P NALLUR (NAPTHA)","PSP","P P NALLUR (NAPTHA)","0","NULL","NULL","Gas","Gas","NULL",,,
"278","PALATANA-GAS","ISGS","PALATANA-GAS","727","0","Others","GAS","0",,,,
"279","PANIPAT  TPS","PSP","PANIPAT  TPS","0","0","Others","0","0",,,,
"280","PARAS ","PSP","PARAS ","0","MSPGCL","Thermal","Coal","0",,,,
"281","PARBATI3","ISGS","PARBATI3","520","0","Hydro","0","0",,,,
"282","PARE","ISGS","PARE","110","0","Others","HYDRO","0",,,,
"283","PARICHA  TPS","PSP","PARICHA  TPS","378","0","Others","0","0",,,,
"284","PARLI ","PSP","PARLI ","0","0","Thermal","0","0",,,,
"285","PENCH","ISGS","PENCH","0","0","Hydro","0","0",,,,
"286","PONG","ISGS","PONG","396","0","Hydro","0","0",,,,
"287","PRAGATI GAS TURBINES","PSP","PRAGATI GAS TURBINES","0","0","Gas","0","0",,,,
"288","Private_Generators","PSP","Private_Generators","0","NULL","NULL","Others","Others","NULL",,,
"289","PUNJAB","LTA","PUNJAB","0","0","RE","0","0",,,,
"290","PURULIA PSP(G)","PSP","PURULIA PSP(G)","0","NULL","NULL","Hydro","MustRun","NULL",,,
"291","PURULIA PSP(P)","PSP","PURULIA PSP(P)","0","NULL","NULL","Hydro","MustRun","NULL",,,
"292","RAICHUR TPS","PSP","RAICHUR TPS","0","0","Others","0","0",,,,
"293","RAJ_SOLAR","LTA","RAJ_SOLAR","0","0","Others","0","0",,,,
"294","RAJGHAT_HY_MPSEB","LTA","RAJGHAT_HY_MPSEB","0","0","Hydro","0","0",,,,
"295","RAJPURA(NPL) TPS","PSP","RAJPURA(NPL) TPS","0","0","Thermal","0","0",,,,
"296","RAJWEST (IPP) LTPS","PSP","RAJWEST (IPP) LTPS","0","0","Thermal","0","0",,,,
"297","RAMAGUNDAM-B","PSP","RAMAGUNDAM-B","63","0","Others","0","0",,,,
"298","RAMAM","PSP","RAMAM","0","CS","NTPC","Hydro","MustRun","NULL",,,
"299","RAMGARH GPS","PSP","RAMGARH GPS","0","0","Gas","0","0",,,,
"300","RAMPUR","ISGS","RAMPUR","412","0","Hydro","0","0",,,,
"301","RANGANADI","ISGS","RANGANADI","405","0","Others","HYDRO","0",,,,
"302","RANGIT","ISGS","RANGIT","60","NULL","NULL","Hydro","MustRun","NULL",,,
"303","RANJIT SAGAR POWER PLANT ","PSP","RANJIT SAGAR POWER PLANT ","0","0","Hydro","0","0",,,,
"304","RAPPB","ISGS","RAPPB","440","0","Nuclear","0","0",,,,
"305","RAPPC","ISGS","RAPPC","440","0","Nuclear","0","0",,,,
"306","RAPS-A","PSP","RAPS-A","0","0","RE","0","0",,,,
"307","RAYALASEEMA TPP","PSP","RAYALASEEMA TPP","0","0","0","0","0",,,,
"308","REGL","LTA","REGL","0","IPP","Thermal","Coal","0",,,,
"309","RELIANCE ENERGY LTD. (GAS)","PSP","RELIANCE ENERGY LTD. (GAS)","0","0","0","0","0",,,,
"310","RENGALI HPS ","PSP","RENGALI HPS ","250","0","Hydro","0","0",,,,
"311","RGCCPP KAYAMKULAM (KSEB) - NTPC","PSP","RGCCPP KAYAMKULAM (KSEB) - NTPC","0","CS","NTPC-G","0","0",,,,
"312","RGPPL_MSEB","ISGS","RGPPL_MSEB","0","CS","NTPC","0","0",,,,
"313","RGPPL_OTHERS","ISGS","RGPPL_OTHERS","0","CS","NTPC","0","0",,,,
"314","RGTPP( KHEDAR)","PSP","RGTPP( KHEDAR)","0","0","Others","0","0",,,,
"315","RIHAND_HYDRO","LTA","RIHAND_HYDRO","0","NULL","NULL","Hydro","MustRun","NULL",,,
"316","RIHAND1","ISGS","RIHAND1","1000","CS","NTPC","0","0",,,,
"317","RIHAND2","ISGS","RIHAND2","1000","CS","NTPC","0","0",,,,
"318","RIHAND3","ISGS","RIHAND3","1000","CS","NTPC","0","0",,,,
"319","RITHALA  GPS","PSP","RITHALA  GPS","0","0","Gas","0","0",,,,
"320","RKM_POWER","LTA","RKM_POWER","720","0","Others","0","0",,,,
"321","Rokhia","PSP","Rokhia","0","NULL","NULL","Others","Others","NULL",,,
"322","ROSA  TPS","PSP","ROSA  TPS","570","0","Others","0","0",,,,
"323","RSTPSU1TO6","ISGS","RSTPSU1TO6","2100","CS","NTPC","0","0",,,,
"324","RSTPSU7","ISGS","RSTPSU7","500","CS","NTPC","0","0",,,,
"325","RTPS","LTA","RTPS","0","0","Others","0","0",,,,
"326","SABARIGIRI","PSP","SABARIGIRI","0","0","Others","0","0",,,,
"327","SAGARDIGHI","PSP","SAGARDIGHI","0","NULL","NULL","Thermal","Others","NULL",,,
"328","SALAL","ISGS","SALAL","690","0","Hydro","0","0",,,,
"329","SAMAL(OPCL)","PSP","SAMAL(OPCL)","0","0","Hydro","0","0",,,,
"330","SAMALPATTY (DIESEL)","PSP","SAMALPATTY (DIESEL)","0","NULL","NULL","Gas","Gas","NULL",,,
"331","SANJAY GANDHI TPS ","PSP","SANJAY GANDHI TPS ","0","NULL","NULL","Thermal","Others","NULL",,,
"332","SANTALDIH TPS","PSP","SANTALDIH TPS","0","NULL","NULL","Thermal","Others","NULL",,,
"333","SASAN","ISGS","SASAN","3960","0","Others","0","0",,,,
"334","SATPURA II ","PSP","SATPURA II ","0","NULL","NULL","Thermal","Others","NULL",,,
"335","Serlui-B","PSP","Serlui-B","0","NULL","NULL","Others","Others","NULL",,,
"336","SEWA2","ISGS","SEWA2","120","0","Hydro","0","0",,,,
"337","SHANAN","PSP","SHANAN","0","0","Hydro","0","0",,,,
"338","SHARAVATHI","PSP","SHARAVATHI","0","0","Hydro","0","0",,,,
"339","SIMHST1","ISGS","SIMHST1","1000","CS","NTPC","0","0",,,,
"340","SIMHST2","ISGS","SIMHST2","1000","CS","NTPC","0","0",,,,
"341","SINGAJI ","PSP","SINGAJI ","0","NULL","NULL","Thermal","Others","NULL",,,
"342","SINGARENI TPS","PSP","SINGARENI TPS","1200","0","Others","0","0",,,,
"343","SINGRAULI","ISGS","SINGRAULI","2000","CS","NTPC","0","0",,,,
"344","SINGRAULI_HYDRO","ISGS","SINGRAULI_HYDRO","15","CS","NTPC-H","0","0",,,,
"345","SIPAT I","ISGS","SIPAT I","1980","CS","NTPC","Coal","0",,,,
"346","SIPAT II","ISGS","SIPAT II","1000","CS","NTPC","Coal","0",,,,
"347","SKS Raigarh","LTA","SKS Raigarh","600","IPP","Thermal","Coal","0",,,,
"348","SLPP ","PSP","SLPP ","0","0","Thermal","0","0",,,,
"349","SMALL HYDRO","PSP","SMALL HYDRO","0","NULL","NULL","Hydro","MustRun","NULL",,,
"350","SOLAPUR","ISGS","SOLAPUR","1320","CS","NTPC","Coal","0",,,,
"351","SOLAR","PSP","SOLAR","0","0","Solar","0","0",,,,
"352","SOLAR ","PSP","SOLAR ","0","0","Solar","0","0",,,,
"353","SOLAR GUVNL","LTA","SOLAR GUVNL","0","0","RE","0","0",,,,
"354","SOLAR MPSEB","LTA","SOLAR MPSEB","0","NULL","NULL","Solar","MustRun","NULL",,,
"355","Sonapani","PSP","Sonapani","0","NULL","NULL","Others","Others","NULL",,,
"356","SPECTRUM (GAS)","PSP","SPECTRUM (GAS)","0","0","0","0","0",,,,
"357","SPECTRUM_ACBIL","LTA","SPECTRUM_ACBIL","100","IPP","Thermal","Coal","0",,,,
"358","SRISAILAM LBPH","PSP","SRISAILAM LBPH","900","0","Hydro","0","0",,,,
"359","SRISAILAM LBPH(PUMP)","PSP","SRISAILAM LBPH(PUMP)","0","0","Hydro","0","0",,,,
"360","SRISAILAM RBPH","PSP","SRISAILAM RBPH","0","0","0","0","0",,,,
"361","SSP","ISGS","SSP","0","0","Hydro","0","0",,,,
"362","ST - CMS","PSP","ST - CMS","0","NULL","NULL","Thermal","Others","NULL",,,
"363","STERLITE","PSP","STERLITE","600","0","Thermal","0","0",,,,
"364","STPS ","PSP","STPS ","0","0","Thermal","0","0",,,,
"365","SUBARNREKHA HPS ","PSP","SUBARNREKHA HPS ","130","NULL","NULL","Hydro","MustRun","NULL",,,
"366","SUGEN 1 ","PSP","SUGEN 1 ","0","0","Gas","0","0",,,,
"367","SURATGARH TPS ","PSP","SURATGARH TPS ","0","0","Thermal","0","0",,,,
"368","TALA","ISGS","TALA","1020","CS","Hydro","0","0",,,,
"369","TALCHER TPS ","PSP","TALCHER TPS ","0","0","NTPC","0","0",,,,
"370","TALST2","ISGS","TALST2","2000","CS","NTPC","0","0",,,,
"371","TALWANDI SABO TPS","PSP","TALWANDI SABO TPS","0","0","Thermal","0","0",,,,
"372","TANAKPUR","ISGS","TANAKPUR","94","0","Hydro","0","0",,,,
"373","TANDA TPS","PSP","TANDA TPS","396","0","NTPC","0","0",,,,
"374","TANDA2","ISGS","TANDA2","660","CS","NTPC","0","0",,,,
"375","TAPS-I","ISGS","TAPS-I","0","0","Nuclear","0","0",,,,
"376","TAPS-II","ISGS","TAPS-II","1080","0","Nuclear","Nuclear","0",,,,
"377","Teesta_III","LTA","Teesta_III","0","0","Hydro","0","0",,,,
"378","Teesta_V","ISGS","Teesta_V","510","0","Hydro","0","0",,,,
"379","TEHRI","ISGS","TEHRI","1000","0","Hydro","0","0",,,,
"380","TENUGHAT ","PSP","TENUGHAT ","420","NULL","NULL","Thermal","Others","NULL",,,
"381","TISTA CANAL","PSP","TISTA CANAL","0","NULL","NULL","Hydro","MustRun","NULL",,,
"382","TITAGARH","PSP","TITAGARH","0","NULL","NULL","Thermal","Others","NULL",,,
"383","TLDP","PSP","TLDP","0","NULL","NULL","Hydro","MustRun","NULL",,,
"384","TORRENT_GUVNL","LTA","TORRENT_GUVNL","0","NULL","NULL","Gas","Gas","NULL",,,
"385","TOTAL GAS UK","PSP","TOTAL GAS UK","0","NULL","NULL","Others","Others","NULL",,,
"386","TOTAL HYDRO HARYANA","PSP","TOTAL HYDRO HARYANA","0","0","Hydro","0","0",,,,
"387","TOTAL HYDRO Rajasthan","PSP","TOTAL HYDRO Rajasthan","0","0","Hydro","0","0",,,,
"388","Tripura_Ben","LTA","Tripura_Ben","0","0","Others","0","0",,,,
"389","TRN_ENERGY","LTA","TRN_ENERGY","600","0","Others","0","0",,,,
"390","TROMBAY ","PSP","TROMBAY ","0","0","Thermal","0","0",,,,
"391","TSTPP-I","ISGS","TSTPP-I","1000","CS","NTPC","0","0",,,,
"392","TSTRANSCO","LTA","TSTRANSCO","0","0","0","0","0",,,,
"393","Tuirial","PSP","Tuirial","0","NULL","NULL","Others","Others","NULL",,,
"394","TUTICORIN","PSP","TUTICORIN","0","NULL","NULL","Thermal","Others","NULL",,,
"395","U.KOLAB ","PSP","U.KOLAB ","320","0","Hydro","0","0",,,,
"396","UBDC","PSP","UBDC","0","0","Others","0","0",,,,
"397","UKAI ","PSP","UKAI ","0","0","Thermal","0","0",,,,
"398","UKAI HYDRO ","PSP","UKAI HYDRO ","0","0","Hydro","0","0",,,,
"399","Umiam St I","PSP","Umiam St I","0","NULL","NULL","Others","Others","NULL",,,
"400","Umiam St II","PSP","Umiam St II","0","NULL","NULL","Others","Others","NULL",,,
"401","Umiam St III","PSP","Umiam St III","0","NULL","NULL","Others","Others","NULL",,,
"402","Umiam St IV","PSP","Umiam St IV","0","NULL","NULL","Others","Others","NULL",,,
"403","Umtru","PSP","Umtru","0","NULL","NULL","Others","Others","NULL",,,
"404","UNCHAHAR1","ISGS","UNCHAHAR1","420","CS","NTPC","0","0",,,,
"405","UNCHAHAR2","ISGS","UNCHAHAR2","420","CS","NTPC","0","0",,,,
"406","UNCHAHAR3","ISGS","UNCHAHAR3","210","CS","NTPC","0","0",,,,
"407","UNCHAHAR4","ISGS","UNCHAHAR4","500","CS","NTPC","0","0",,,,
"408","UNOSUGEN ","PSP","UNOSUGEN ","0","0","Gas","0","0",,,,
"409","UPCL","PSP","UPCL","0","0","Others","0","0",,,,
"410","UPPCL","LTA","UPPCL","0","0","RE","0","0",,,,
"411","UPPER SILERU","PSP","UPPER SILERU","0","0","0","0","0",,,,
"412","Bassi","PSP","Bassi","60","0","Hydro","0",,,,,
"413","URI","ISGS","URI","480","0","Hydro","0","0",,,,
"414","URI2","ISGS","URI2","240","0","Hydro","0","0",,,,
"415","UTRAN STG II ","PSP","UTRAN STG II ","0","0","Gas","0","0",,,,
"416","UTTARAKHAND","LTA","UTTARAKHAND","0","0","RE","0","0",,,,
"417","VALATTUR(STG1&STG2)","PSP","VALATTUR(STG1&STG2)","0","NULL","NULL","Gas","Gas","NULL",,,
"418","VALLURNTECL","ISGS","VALLURNTECL","1500","CS","NTPC","0","0",,,,
"419","VARAHI UGPH","PSP","VARAHI UGPH","0","0","Hydro","0","0",,,,
"420","VEMAGIRI POWER GENERATION LTD.(GAS)","PSP","VEMAGIRI POWER GENERATION LTD.(GAS)","0","0","0","0","0",,,,
"421","VIJAYAWADA TPS","PSP","VIJAYAWADA TPS","0","0","0","0","0",,,,
"422","VIJJESWARAM GTS","PSP","VIJJESWARAM GTS","0","0","0","0","0",,,,
"423","VISHNUPARYAG  HPS","PSP","VISHNUPARYAG  HPS","396","0","Hydro","0","0",,,,
"424","VISHNUPRAYAG_HEP","LTA","VISHNUPRAYAG_HEP","0","NULL","NULL","Others","Others","NULL",,,
"425","VSLPP (IPP)","PSP","VSLPP (IPP)","0","0","Others","0","0",,,,
"426","VSTPS I","ISGS","VSTPS I","1260","CS","NTPC","Coal","0",,,,
"427","VSTPS II","ISGS","VSTPS II","1000","CS","NTPC","Coal","0",,,,
"428","VSTPS III","ISGS","VSTPS III","1000","CS","NTPC","Coal","0",,,,
"429","VSTPS IV","ISGS","VSTPS IV","1000","CS","NTPC","Coal","0",,,,
"430","VSTPS V","ISGS","VSTPS V","500","CS","NTPC","Coal","0",,,,
"431","WANAKBORI ","PSP","WANAKBORI ","0","0","Thermal","0","0",,,,
"432","WB_CPP","PSP","WB_CPP","0","NULL","NULL","Others","Others","NULL",,,
"433","WB_RE_GEN","PSP","WB_RE_GEN","0","NULL","NULL","Others","Others","NULL",,,
"434","WBSEDCL","LTA","WBSEDCL","0","NULL","NULL","Others","Others","NULL",,,
"435","WIND","PSP","WIND","0","0","Wind","0","0",,,,
"436","WIND ","PSP","WIND ","0","NULL","NULL","Wind","MustRun","NULL",,,
"437","YERAMARAS TPS","PSP","YERAMARAS TPS","0","0","Others","0","0",,,,
"438","ADANI  (TIRODA  1320 MW) U 2 & 3","PSP","ADANI  (TIRODA  1320 MW) U 2 & 3","0","IPP","0","Coal","0",,"APML TIRODA ",,
"439","ADANI  (TIRODA  440  MW PPA) U 1,4  & 5","PSP","ADANI  (TIRODA  440  MW PPA) U 1,4  & 5","0","IPP","0","Coal","0",,"APML TIRODA ",,
"440","ADANI ,TIRODA   U-1, 4 & 5 (PPA-1200 MW)","PSP","ADANI ,TIRODA   U-1, 4 & 5 (PPA-1200 MW)","0","IPP","0","Coal","0",,"APML TIRODA ",,
"441","ADANI ,TIRODA   U-1, 4 & 5 (PPA-125 MW)","PSP","ADANI ,TIRODA   U-1, 4 & 5 (PPA-125 MW)","0","IPP","0","Coal","0",,"APML TIRODA ",,
"442","BHUSAWAL U-3","IPP","BHUSAWAL U-3","0","MSPGCL","0","Coal","0",,"BHUSAWAL ",,
"443","BHUSAWAL U-4 & 5","IPP","BHUSAWAL U-4 & 5","0","MSPGCL","0","Coal","0",,"BHUSAWAL ",,
"444","Bhaba","PSP","Bhaba","120","0","Hydro","0",,,,,
"445","CHANDRAPUR U-3 TO 7","IPP","CHANDRAPUR U-3 TO 7","0","MSPGCL","0","Coal","0",,,,
"446","CHANDRAPUR U-8 & 9","IPP","CHANDRAPUR U-8 & 9","0","MSPGCL","0","Coal","0",,,,
"447","DTPS U-1 & 2","IPP","DTPS U-1 & 2","0","DTPS","0","Coal","0",,,,
"448","EMCO  (WARORA) (MTOA) (PPA-200 MW)","IPP","EMCO  (WARORA) (MTOA) (PPA-200 MW)","0","CS","0","Coal","0",,,,
"449","GTPS URAN *","PSP","GTPS URAN *","0","MSPGCL","Gas","Gas","0",,"URAN ",,
"450","JSW-Ratnagiri U-1","IPP","JSW-Ratnagiri U-1","0","IPP","0","Coal","0",,,,
"451","KHAPERKHEDA U- 1 TO 4","PSP","KHAPERKHEDA U- 1 TO 4","0","MSPGCL","0","Coal","0",,"KHAPARKHEDA ",,
"452","KHAPERKHEDA U-5","PSP","KHAPERKHEDA U-5","0","MSPGCL","0","Coal","0",,"KHAPARKHEDA ",,
"453","KORADI  U-6 & 7","PSP","KORADI  U-6 & 7","0","MSPGCL","0","Coal","0",,"KORADI ",,
"454","KORADI  U-8 ,9 &10","PSP","KORADI  U-8 ,9 &10","0","MSPGCL","0","Coal","0",,,,
"455","PARALI U-6 &7","IPP","PARALI U-6 &7","0","MSPGCL","0","Coal","0",,,,
"456","PARALI U-8","IPP","PARALI U-8","0","MSPGCL","0","Coal","0",,,,
"457","RATTANINDIA  U-1 TO 5 (PPA-1200 MW)","IPP","RATTANINDIA  U-1 TO 5 (PPA-1200 MW)","0","IPP","0","Coal","0",,,,
"458","SWPGL TO BEST","IPP","SWPGL TO BEST","0","MTOA","0","Coal","0",,,,
"459","SWPGL TO MSEDCL","IPP","SWPGL TO MSEDCL","0","LTOA","0","Coal","0",,,,
"460","TPC U-5","IPP","TPC U-5","0","TATA","0","Coal/Oil/Gas","0",,,,
"461","TPC U-7 (APM) *","IPP","TPC U-7 (APM) *","0","TATA","0","Gas","0",,,,
"462","TPC U-8","IPP","TPC U-8","0","TATA","0","Coal","0",,,,
"463","Arya Energy Limited (Biomass)","IPP","Arya Energy Limited (Biomass)","12","NULL","NULL","NULL","NULL","NULL",,,
"464","ATPS (210MW) Chachai","IPP","ATPS (210MW) Chachai","210","NULL","NULL","NULL","NULL","NULL",,,
"465","BLA I","IPP","BLA I","45","NULL","NULL","NULL","NULL","NULL",,,
"466","BLA II","IPP","BLA II","45","NULL","NULL","NULL","NULL","NULL",,,
"467","DVC (CTPS)","IPP","DVC (CTPS)","500","NULL","NULL","NULL","NULL","NULL",,,
"468","DVC (DTPS)","IPP","DVC (DTPS)","1000","0","0","0","0",,,,
"469","Essar Power (5%)","IPP","Essar Power (5%)","600","NULL","NULL","NULL","NULL","NULL",,,
"470","MB Power","IPP","MB Power","600","NULL","NULL","NULL","NULL","NULL",,,
"471","MB Power II","IPP","MB Power II","600","NULL","NULL","NULL","NULL","NULL",,,
"472","Orient Green Power (Biomass)","IPP","Orient Green Power (Biomass)","10","NULL","NULL","NULL","NULL","NULL",,,
"473","SGTPS -1x500","IPP","SGTPS -1x500","500","NULL","NULL","NULL","NULL","NULL",,,
"474","SGTPS -4x210","IPP","SGTPS -4x210","840","NULL","NULL","NULL","NULL","NULL",,,
"475","SSTPS Khandwa (Singaji)","IPP","SSTPS Khandwa (Singaji)","1200","NULL","NULL","NULL","NULL","NULL",,,
"476","SSTPS Khandwa (Singaji) # 3 & 4","IPP","SSTPS Khandwa (Singaji) # 3 & 4","1320","NULL","NULL","NULL","NULL","NULL",,,
"477","STPS Sarni","IPP","STPS Sarni","830","NULL","NULL","NULL","NULL","NULL",,,
"478","STPS Sarni 10 & 11","IPP","STPS Sarni 10 & 11","500","NULL","NULL","NULL","NULL","NULL",,,
"479","HTPS Korba West","IPP","HTPS Korba West","0","0","0","0","0",,,,
"480","Korba West Ext","IPP","Korba West Ext","500","IPP","Thermal","Coal","0",,,,
"481","SV Power STOA_STU","IPP","SV Power STOA_STU","63","IPP","Thermal","Coal","0",,,,
"482","APNRL","NULL","APNRL","0","NULL","NULL","NULL","NULL","NULL",,,
"483","Bandel TPS â€“ I & II","NULL","Bandel TPS â€“ I & II","0","NULL","NULL","NULL","NULL","NULL",,,
"484","Bandel TPS â€“ I &II","NULL","Bandel TPS â€“ I &II","0","NULL","NULL","NULL","NULL","NULL",,,
"485","Bandel TPS - V","NULL","Bandel TPS - V","0","NULL","NULL","NULL","NULL","NULL",,,
"486","DPL Unit-7","NULL","DPL Unit-7","0","NULL","NULL","NULL","NULL","NULL",,,
"487","DPL Unit-8","NULL","DPL Unit-8","0","NULL","NULL","NULL","NULL","NULL",,,
"488","DVC Mejia V","NULL","DVC Mejia V","0","NULL","NULL","NULL","NULL","NULL",,,
"489","Sagardighi I","NULL","Sagardighi I","0","NULL","NULL","NULL","NULL","NULL",,,
"490","Sagardighi II","NULL","Sagardighi II","0","NULL","NULL","NULL","NULL","NULL",,,
"491","Raghunathpur TPS Unit I&II","NULL","Raghunathpur TPS Unit I&II","0","NULL","NULL","NULL","NULL","NULL",,,
"492","Hiranmaye Energy Ltd","NULL","Hiranmaye Energy Ltd","0","NULL","NULL","NULL","NULL","NULL",,,
"493","ADANI POWER LTD.","LTA","ADANI POWER LTD.","0","IPP","Thermal","0","0",,,"APL Stage-3",
"494","Dadri Solar","LTA","Dadri Solar","5","CS","NTPC-RE","0",,,,,
"495","DVC RAGHUNATHPUR","ISGS","DVC RAGHUNATHPUR","0","0","0","0","0",,,,
"496","LANCO Amarkantak (linkage)","0","LANCO Amarkantak (linkage)","0","0","0","0","0",,,,
"497","LANCO Amarkantak Addl.(alternate)","0","LANCO Amarkantak Addl.(alternate)","0","0","0","0","0",,,,
"498","Binwa","PSP","Binwa","6","0","Hydro","0",,,,,
"499","PTPS- VII /VIII","0","PTPS- VII /VIII","0","0","0","0","0",,,,
"500","KTPP-I (Kakatiya Thermal Power Project)","0","KTPP-I (Kakatiya Thermal Power Project)","500","0","0","0","0",,,,
"501","KTPP-II(Kakatiya Thermal Power Project)","0","KTPP-II(Kakatiya Thermal Power Project)","600","0","0","0","0",,,,
"502","KTPS VII","0","KTPS VII","800","0","0","0","0",,,,
"503","KTPS-VI","0","KTPS-VI","500","0","0","0","0",,,,
"504","269.45MW SEIL Contract ","0","269.45MW SEIL Contract ","269","0","0","0","0",,,,
"505","570 MW SEIL CONTRACT","0","570 MW SEIL CONTRACT","570","0","0","0","0",,,,
"506","BTPS 1","0","BTPS 1","0","0","0","0","0",,,,
"507","BTPS 2","0","BTPS 2","0","0","0","0","0",,,,
"508","BTPS 3","0","BTPS 3","0","0","0","0","0",,,,
"509","DVC MTPS","0","DVC MTPS","0","0","0","0","0",,,,
"510","RTPS 1-7","0","RTPS 1-7","0","0","0","0","0",,,,
"511","RTPS 8","0","RTPS 8","0","0","0","0","0",,,,
"512","GODAVARI GAS POWER PLANT","NULL","GODAVARI GAS POWER PLANT","0","0","0","0","0",,,,
"513","DR,NTTPS STAGE-I","NULL","DR,NTTPS STAGE-I","0","0","0","0","0",,,,
"514","DR,NTTPS STAGE-II","NULL","DR,NTTPS STAGE-II","0","0","0","0","0",,,,
"515","DR,NTTPS STAGE-III","NULL","DR,NTTPS STAGE-III","0","0","0","0","0",,,,
"516","DR,NTTPS STAGE-IV","NULL","DR,NTTPS STAGE-IV","0","0","0","0","0",,,,
"517","RTPP-1","NULL","RTPP-1","0","0","0","0","0",,,,
"518","RTPP-2","NULL","RTPP-2","0","0","0","0","0",,,,
"519","RTPP-3","NULL","RTPP-3","0","0","0","0","0",,,,
"520","RTPP-4","NULL","RTPP-4","0","0","0","0","0",,,,
"521","SDSTPP-I","NULL","SDSTPP-I","0","0","0","0","0",,,,
"522","THERMAL POWER TECH","NULL","THERMAL POWER TECH","0","0","0","0","0",,,,
"523","ANPARA - B","0","ANPARA - B","900","0","0","0","0",,,,
"524","BEPL, BARKHERA","0","BEPL, BARKHERA","82","0","0","0","0",,,,
"525","BEPL, KHAMBHARKHERA","0","BEPL, KHAMBHARKHERA","80","0","0","0","0",,,,
"526","BEPL, KUNDARKHI","0","BEPL, KUNDARKHI","82","0","0","0","0",,,,
"527","BEPL, MAQSOODPUR","0","BEPL, MAQSOODPUR","82","0","0","0","0",,,,
"528","BEPL, UTRAULA","0","BEPL, UTRAULA","82","0","0","0","0",,,,
"529","KHARA HEP","0","KHARA HEP","70","0","0","0","0",,,,
"530","MATATILA HEP","0","MATATILA HEP","30","0","0","0","0",,,,
"531","OBRA HYDRO","0","OBRA HYDRO","90","0","0","0","0",,,,
"532","PARICHHA - EXT. STAGE - II","0","PARICHHA - EXT. STAGE - II","405","0","0","0","0",,,,
"533","PIPRI HYDRO","0","PIPRI HYDRO","250","0","0","0","0",,,,
"534","ROSA - II","0","ROSA - II","570","0","0","0","0",,,,
"535","GVK-I","NULL","GVK-I","0","NULL","NULL","NULL","NULL","NULL",,,
"536","TANDA1","ISGS","TANDA1","440","CS","NTPC","NTPC-T","Others","NULL",,,
"537","BARAUNI U7","ISGS","BARAUNI U7","110","CS","NTPC","NTPC-T","Others","NULL",,,
"538","APGPCPL 1& 2","0","APGPCPL 1& 2","0","0","0","0",,,,,
"539","CGPP GVK-I","0","CGPP GVK-I","0","0","0","0",,,,,
"540","Gaj","PSP","Gaj","11","0","Hydro","0",,,,,
"541","Ghanvi","PSP","Ghanvi","23","0","Hydro","0",,,,,
"542","Giri","PSP","Giri","60","0","Hydro","0",,,,,
"543","Khauli","PSP","Khauli","12","0","Hydro","0",,,,,
"544","KTPS A B C","0","KTPS A B C","720","0","0","0",,,,,
"545","KTPS-I","0","KTPS-I","0","0","0","0",,,,,
"546","Larji","PSP","Larji","126","0","Hydro","0",,,,,
"547","MICRO","PSP","MICRO","21","0","Hydro","0",,,,,
"548","SRIVATSA","0","SRIVATSA","0","0","0","0",,,,,
"549","SSTPP","0","SSTPP","0","0","0","0",,,,,
"550","Thirot","PSP","Thirot","5","0","Hydro","0",,,,,
